{"AUC": [0.6814811825752258, 0.8046875, 0.7630471587181091, 0.71875, 0.8036943674087524, 0.76171875, 0.8244609832763672, 0.76953125, 0.8555699586868286, 0.8359375, 0.8677622079849243, 0.859375, 0.8589776158332825, 0.798828125, 0.8936720490455627, 0.896484375, 0.9007520079612732, 0.986328125, 0.8930028676986694, 0.8203125, 0.9032832384109497, 1.0, 0.9023739099502563, 0.77734375, 0.9123919606208801, 0.91015625, 0.9086706042289734, 0.89453125, 0.9144899249076843, 0.828125, 0.9042784571647644, 0.8671875, 0.9092575311660767, 0.9296875, 0.9103655219078064, 0.916015625, 0.9067919850349426, 0.890625, 0.9106500148773193, 0.91015625, 0.9108076691627502], "Accuracy": [0.6327561140060425, 0.8125, 0.7009379267692566, 0.5625, 0.7355700135231018, 0.75, 0.7467532753944397, 0.8125, 0.7665945291519165, 0.625, 0.7871572971343994, 0.75, 0.7813853025436401, 0.8125, 0.8066378235816956, 0.8125, 0.8167388439178467, 0.9375, 0.8015872836112976, 0.75, 0.8192640542984009, 1.0, 0.8210678100585938, 0.6875, 0.8282828330993652, 0.875, 0.8221500515937805, 0.8125, 0.831890344619751, 0.8125, 0.826839804649353, 0.6875, 0.8253968358039856, 0.875, 0.8239538073539734, 0.75, 0.8232323527336121, 0.75, 0.8279221057891846, 0.8125, 0.831890344619751], "F1_score": [0.6359794735908508, 0.8061593174934387, 0.7033665776252747, 0.5909090042114258, 0.7377393245697021, 0.7772727012634277, 0.7489233613014221, 0.8193318843841553, 0.7682490348815918, 0.6624999642372131, 0.7884740829467773, 0.7499998807907104, 0.783247172832489, 0.8193318843841553, 0.8078992366790771, 0.8246752619743347, 0.8179913759231567, 0.9367408156394958, 0.8028172254562378, 0.7583332657814026, 0.8204867243766785, 1.0, 0.8221129775047302, 0.6911764740943909, 0.8293452262878418, 0.8749999403953552, 0.8232268691062927, 0.818840503692627, 0.8329627513885498, 0.8147058486938477, 0.8279203772544861, 0.7077921628952026, 0.82647705078125, 0.8749999403953552, 0.8251763582229614, 0.7539682388305664, 0.8245329856872559, 0.7499999403953552, 0.8291166424751282, 0.8132352232933044, 0.8329929113388062], "Precision": [0.6327561140060425, 0.8125, 0.7009379267692566, 0.5625, 0.7355700135231018, 0.75, 0.7467532753944397, 0.8125, 0.7665945291519165, 0.625, 0.7871572971343994, 0.75, 0.7813853025436401, 0.8125, 0.8066378235816956, 0.8125, 0.8167388439178467, 0.9375, 0.8015872836112976, 0.75, 0.8192640542984009, 1.0, 0.8210678100585938, 0.6875, 0.8282828330993652, 0.875, 0.8221500515937805, 0.8125, 0.831890344619751, 0.8125, 0.826839804649353, 0.6875, 0.8253968358039856, 0.875, 0.8239538073539734, 0.75, 0.8232323527336121, 0.75, 0.8279221057891846, 0.8125, 0.831890344619751], "Recall": [0.6327561140060425, 0.8125, 0.7009379267692566, 0.5625, 0.7355700135231018, 0.75, 0.7467532753944397, 0.8125, 0.7665945291519165, 0.625, 0.7871572971343994, 0.75, 0.7813853025436401, 0.8125, 0.8066378235816956, 0.8125, 0.8167388439178467, 0.9375, 0.8015872836112976, 0.75, 0.8192640542984009, 1.0, 0.8210678100585938, 0.6875, 0.8282828330993652, 0.875, 0.8221500515937805, 0.8125, 0.831890344619751, 0.8125, 0.826839804649353, 0.6875, 0.8253968358039856, 0.875, 0.8239538073539734, 0.75, 0.8232323527336121, 0.75, 0.8279221057891846, 0.8125, 0.831890344619751], "loss": [0.6477077007293701, 0.5205410718917847, 0.5869276523590088, 0.6086540222167969, 0.5435208082199097, 0.5004106760025024, 0.5148119330406189, 0.55283522605896, 0.4746559262275696, 0.4338458180427551, 0.4602929651737213, 0.5130102634429932, 0.44778841733932495, 0.4828904867172241, 0.41588065028190613, 0.3971039652824402, 0.4041120409965515, 0.2717319428920746, 0.4139306843280792, 0.48767906427383423, 0.39880475401878357, 0.19644880294799805, 0.40125149488449097, 0.513256847858429, 0.37978804111480713, 0.3765603303909302, 0.3879814147949219, 0.3669494092464447, 0.3770102262496948, 0.4994507133960724, 0.39471954107284546, 0.4879968762397766, 0.3867071270942688, 0.3793887495994568, 0.38449403643608093, 0.38946858048439026, 0.38887110352516174, 0.45786339044570923, 0.38210007548332214, 0.4125562310218811, 0.38514262437820435], "val_AUC": [0.5721864104270935, 0.592171847820282, 0.7543235421180725, 0.7565893530845642, 0.5547033548355103, 0.5472880005836487, 0.7985861897468567, 0.7893836498260498, 0.5004225373268127, 0.5012264251708984, 0.51475989818573, 0.4909505546092987, 0.8243697881698608, 0.8248398900032043, 0.8275926113128662, 0.8388201594352722, 0.8301447033882141, 0.8266968727111816, 0.8455109596252441, 0.8398500680923462, 0.8308058977127075, 0.824345588684082, 0.8257958292961121, 0.8264285326004028, 0.8311429023742676, 0.8287819623947144, 0.8309759497642517, 0.8283522129058838, 0.8255771398544312, 0.8314587473869324, 0.83034747838974, 0.8294264078140259, 0.8328055143356323, 0.8323988318443298, 0.8344153761863708, 0.8383227586746216, 0.8332861065864563, 0.8303865194320679, 0.8349636197090149, 0.8315253257751465, 0.837257981300354], "val_Accuracy": [0.5188953280448914, 0.5610465407371521, 0.7209302186965942, 0.7194767594337463, 0.5247092843055725, 0.5261628031730652, 0.7281976938247681, 0.7049418687820435, 0.43168604373931885, 0.42877906560897827, 0.48110464215278625, 0.44331395626068115, 0.7485465407371521, 0.7514534592628479, 0.75, 0.757267415523529, 0.7630813717842102, 0.7514534592628479, 0.75, 0.7485465407371521, 0.7630813717842102, 0.7543604373931885, 0.7485465407371521, 0.75, 0.757267415523529, 0.75, 0.7369186282157898, 0.7514534592628479, 0.7412790656089783, 0.7558139562606812, 0.7616279125213623, 0.75, 0.7543604373931885, 0.7601743936538696, 0.7645348906517029, 0.7601743936538696, 0.7514534592628479, 0.7543604373931885, 0.7558139562606812, 0.7485465407371521, 0.757267415523529], "val_F1_score": [0.5043286085128784, 0.5562944412231445, 0.6964355707168579, 0.6957390308380127, 0.5150901079177856, 0.5151541233062744, 0.7280382513999939, 0.7066884636878967, 0.3717915415763855, 0.3768720030784607, 0.44845953583717346, 0.39364251494407654, 0.7497643828392029, 0.7531543970108032, 0.7484945058822632, 0.7556341886520386, 0.757405161857605, 0.7448180913925171, 0.7491340637207031, 0.7486861944198608, 0.7586560249328613, 0.7489224672317505, 0.7507718801498413, 0.7510939836502075, 0.7574023008346558, 0.75, 0.7373620867729187, 0.7494564652442932, 0.7412790060043335, 0.754649817943573, 0.7610832452774048, 0.749115526676178, 0.7533195614814758, 0.7594858407974243, 0.7634240984916687, 0.7591791749000549, 0.750141441822052, 0.7545015215873718, 0.7546619772911072, 0.7478090524673462, 0.7565705180168152], "val_Precision": [0.5188953280448914, 0.5610465407371521, 0.7209302186965942, 0.7194767594337463, 0.5247092843055725, 0.5261628031730652, 0.7281976938247681, 0.7049418687820435, 0.43168604373931885, 0.42877906560897827, 0.48110464215278625, 0.44331395626068115, 0.7485465407371521, 0.7514534592628479, 0.75, 0.757267415523529, 0.7630813717842102, 0.7514534592628479, 0.75, 0.7485465407371521, 0.7630813717842102, 0.7543604373931885, 0.7485465407371521, 0.75, 0.757267415523529, 0.75, 0.7369186282157898, 0.7514534592628479, 0.7412790656089783, 0.7558139562606812, 0.7616279125213623, 0.75, 0.7543604373931885, 0.7601743936538696, 0.7645348906517029, 0.7601743936538696, 0.7514534592628479, 0.7543604373931885, 0.7558139562606812, 0.7485465407371521, 0.757267415523529], "val_Recall": [0.5188953280448914, 0.5610465407371521, 0.7209302186965942, 0.7194767594337463, 0.5247092843055725, 0.5261628031730652, 0.7281976938247681, 0.7049418687820435, 0.43168604373931885, 0.42877906560897827, 0.48110464215278625, 0.44331395626068115, 0.7485465407371521, 0.7514534592628479, 0.75, 0.757267415523529, 0.7630813717842102, 0.7514534592628479, 0.75, 0.7485465407371521, 0.7630813717842102, 0.7543604373931885, 0.7485465407371521, 0.75, 0.757267415523529, 0.75, 0.7369186282157898, 0.7514534592628479, 0.7412790656089783, 0.7558139562606812, 0.7616279125213623, 0.75, 0.7543604373931885, 0.7601743936538696, 0.7645348906517029, 0.7601743936538696, 0.7514534592628479, 0.7543604373931885, 0.7558139562606812, 0.7485465407371521, 0.757267415523529],