{"AUC": [0.5409793853759766, 0.46875, 0.6446796655654907, 0.7421875, 0.7657971382141113, 0.89453125, 0.8096906542778015, 0.76171875, 0.8468170762062073, 0.890625, 0.8643063902854919, 0.984375, 0.8680838346481323, 0.90625, 0.8746405243873596, 0.78515625, 0.880044162273407, 0.87109375, 0.8801401257514954, 0.828125, 0.879099428653717, 0.8671875, 0.8817595839500427, 0.99609375, 0.8883299231529236, 1.0, 0.8838913440704346, 0.96875, 0.8896342515945435, 0.828125, 0.8935033679008484, 0.85546875, 0.9069185853004456, 0.9609375, 0.9036272764205933, 0.9296875, 0.9114807844161987, 0.91796875, 0.913692831993103, 0.921875, 0.9153874516487122, 0.95703125, 0.9207006096839905, 0.99609375, 0.9199510812759399, 0.8671875, 0.9188112616539001, 0.92578125, 0.9217989444732666, 0.90625, 0.9157559871673584, 0.875, 0.9204897284507751, 0.85546875, 0.9186983108520508, 0.87890625, 0.9166326522827148, 0.9375, 0.9186333417892456, 0.97265625, 0.9228308200836182], "Accuracy": [0.5292207598686218, 0.5, 0.6049783825874329, 0.625, 0.7034631967544556, 0.9375, 0.7366522550582886, 0.6875, 0.76875901222229, 0.875, 0.7907648086547852, 0.875, 0.7932900190353394, 0.75, 0.7972583174705505, 0.8125, 0.8077200651168823, 0.6875, 0.8073592782020569, 0.8125, 0.7968975305557251, 0.75, 0.7976190447807312, 0.9375, 0.810606062412262, 1.0, 0.810606062412262, 0.875, 0.8073592782020569, 0.6875, 0.8134920597076416, 0.8125, 0.8308081030845642, 0.875, 0.8286435604095459, 0.875, 0.841269850730896, 0.8125, 0.8419913649559021, 0.875, 0.8405483365058899, 0.875, 0.85317462682724, 0.9375, 0.8463203310966492, 0.875, 0.843795120716095, 0.875, 0.8463203310966492, 0.75, 0.8466811180114746, 0.8125, 0.8405483365058899, 0.75, 0.8416305780410767, 0.8125, 0.8448773622512817, 0.875, 0.8445165753364563, 0.9375, 0.8520923256874084], "F1_score": [0.5328627824783325, 0.3333333134651184, 0.6085354685783386, 0.5999999046325684, 0.704521894454956, 0.9388527870178223, 0.7361113429069519, 0.7192028164863586, 0.7689967155456543, 0.8730158805847168, 0.7902619242668152, 0.8749999403953552, 0.7927167415618896, 0.7636362314224243, 0.7970222234725952, 0.8102940320968628, 0.8076512813568115, 0.6862744092941284, 0.8071079850196838, 0.8165583610534668, 0.7971045970916748, 0.7363635301589966, 0.797661542892456, 0.9377450942993164, 0.8106457591056824, 1.0, 0.8103712797164917, 0.8708332777023315, 0.8071314096450806, 0.6988866329193115, 0.8135052919387817, 0.8102940320968628, 0.8304402828216553, 0.8730158805847168, 0.8289541006088257, 0.8749999403953552, 0.8414217829704285, 0.8003246784210205, 0.8421406745910645, 0.8818181157112122, 0.8407016396522522, 0.8730158805847168, 0.8529015779495239, 0.9372549057006836, 0.8465071320533752, 0.8749998807907104, 0.84395432472229, 0.8749998807907104, 0.84651118516922, 0.7583332657814026, 0.8469552993774414, 0.8084414601325989, 0.840867280960083, 0.7499999403953552, 0.8421225547790527, 0.8102226257324219, 0.8452968001365662, 0.8749999403953552, 0.8448565006256104, 0.9377450942993164, 0.8522127866744995], "Precision": [0.5292207598686218, 0.5, 0.6049783825874329, 0.625, 0.7034631967544556, 0.9375, 0.7366522550582886, 0.6875, 0.76875901222229, 0.875, 0.7907648086547852, 0.875, 0.7932900190353394, 0.75, 0.7972583174705505, 0.8125, 0.8077200651168823, 0.6875, 0.8073592782020569, 0.8125, 0.7968975305557251, 0.75, 0.7976190447807312, 0.9375, 0.810606062412262, 1.0, 0.810606062412262, 0.875, 0.8073592782020569, 0.6875, 0.8134920597076416, 0.8125, 0.8308081030845642, 0.875, 0.8286435604095459, 0.875, 0.841269850730896, 0.8125, 0.8419913649559021, 0.875, 0.8405483365058899, 0.875, 0.85317462682724, 0.9375, 0.8463203310966492, 0.875, 0.843795120716095, 0.875, 0.8463203310966492, 0.75, 0.8466811180114746, 0.8125, 0.8405483365058899, 0.75, 0.8416305780410767, 0.8125, 0.8448773622512817, 0.875, 0.8445165753364563, 0.9375, 0.8520923256874084], "Recall": [0.5292207598686218, 0.5, 0.6049783825874329, 0.625, 0.7034631967544556, 0.9375, 0.7366522550582886, 0.6875, 0.76875901222229, 0.875, 0.7907648086547852, 0.875, 0.7932900190353394, 0.75, 0.7972583174705505, 0.8125, 0.8077200651168823, 0.6875, 0.8073592782020569, 0.8125, 0.7968975305557251, 0.75, 0.7976190447807312, 0.9375, 0.810606062412262, 1.0, 0.810606062412262, 0.875, 0.8073592782020569, 0.6875, 0.8134920597076416, 0.8125, 0.8308081030845642, 0.875, 0.8286435604095459, 0.875, 0.841269850730896, 0.8125, 0.8419913649559021, 0.875, 0.8405483365058899, 0.875, 0.85317462682724, 0.9375, 0.8463203310966492, 0.875, 0.843795120716095, 0.875, 0.8463203310966492, 0.75, 0.8466811180114746, 0.8125, 0.8405483365058899, 0.75, 0.8416305780410767, 0.8125, 0.8448773622512817, 0.875, 0.8445165753364563, 0.9375, 0.8520923256874084], "loss": [0.7379639744758606, 0.9046292304992676, 0.6705785989761353, 0.6596579551696777, 0.5840031504631042, 0.45951324701309204, 0.5398037433624268, 0.47457176446914673, 0.4915153682231903, 0.4745103716850281, 0.4697539508342743, 0.3102335035800934, 0.4664352834224701, 0.3925386071205139, 0.4488537609577179, 0.5573731660842896, 0.44305872917175293, 0.4316675066947937, 0.4430270791053772, 0.4692496061325073, 0.4404936730861664, 0.47570091485977173, 0.4404848515987396, 0.16952022910118103, 0.4277183413505554, 0.20774106681346893, 0.43523120880126953, 0.2652316987514496, 0.42649033665657043, 0.5601091384887695, 0.4177919328212738, 0.533379316329956, 0.39744529128074646, 0.3192688822746277, 0.39452970027923584, 0.40221261978149414, 0.3812601566314697, 0.37963613867759705, 0.37744444608688354, 0.3376195728778839, 0.3761933445930481, 0.33791834115982056, 0.3709869980812073, 0.17993178963661194, 0.36562448740005493, 0.455654114484787, 0.36967140436172485, 0.4269004166126251, 0.3650834262371063, 0.45085951685905457, 0.37420952320098877, 0.4561724364757538, 0.3633456230163574, 0.529371440410614, 0.36568719148635864, 0.4448094367980957, 0.36821284890174866, 0.3396751880645752, 0.36523759365081787, 0.2582795321941376, 0.3586580157279968], "val_AUC": [0.32994186878204346, 0.3284883499145508, 0.34137964248657227, 0.33307909965515137, 0.7089843153953552, 0.7302257418632507, 0.693781852722168, 0.7007471919059753, 0.8287102580070496, 0.8272482752799988, 0.7531499266624451, 0.7566928267478943, 0.8507649898529053, 0.855901837348938, 0.6653300523757935, 0.6337916254997253, 0.7234939336776733, 0.7219579815864563, 0.7894840240478516, 0.7912734150886536, 0.8682321310043335, 0.8721880912780762, 0.796329915523529, 0.7788352966308594, 0.8668727278709412, 0.8660350441932678, 0.790898323059082, 0.7743322253227234, 0.8487748503684998, 0.8482773303985596, 0.8396071791648865, 0.8434521555900574, 0.8385539054870605, 0.838428258895874, 0.8642404079437256, 0.847274899482727, 0.832802414894104, 0.8276559114456177, 0.8535103797912598, 0.8509731292724609, 0.8378568887710571, 0.8440594673156738, 0.857262372970581, 0.8470035195350647, 0.8506941795349121, 0.8580387830734253, 0.8509361743927002, 0.8472759127616882, 0.8485498428344727, 0.8442274332046509, 0.8510702252388, 0.8514103293418884, 0.8543047308921814, 0.8489173650741577, 0.8521244525909424, 0.8453523516654968, 0.8487061262130737, 0.8563867807388306, 0.8478865027427673, 0.8516945838928223, 0.858650267124176],