{"AUC": [0.6042218208312988, 0.6328125, 0.6999431848526001, 0.765625, 0.7209691405296326, 0.87109375, 0.6884843707084656, 0.6953125, 0.7605805993080139, 0.5, 0.7507791519165039, 0.82421875, 0.7568967342376709, 0.9609375, 0.6997421979904175, 0.95703125, 0.7815664410591125, 0.69921875, 0.780863344669342, 0.5234375], "Accuracy": [0.5735930800437927, 0.625, 0.6428571343421936, 0.625, 0.6713564395904541, 0.875, 0.637445867061615, 0.5625, 0.7009379267692566, 0.5625, 0.6879509091377258, 0.8125, 0.6976912021636963, 0.875, 0.6453824043273926, 0.9375, 0.710678219795227, 0.625, 0.7020202279090881, 0.625], "F1_score": [0.5772805213928223, 0.6659090518951416, 0.646075963973999, 0.5999999046325684, 0.6739492416381836, 0.8730158805847168, 0.6407115459442139, 0.5151515007019043, 0.7030870914459229, 0.5772945880889893, 0.6905871629714966, 0.8102940320968628, 0.6997369527816772, 0.8749999403953552, 0.6485545635223389, 0.9367408156394958, 0.7125528454780579, 0.6249999403953552, 0.7041267156600952, 0.6249999403953552], "Precision": [0.5735930800437927, 0.625, 0.6428571343421936, 0.625, 0.6713564395904541, 0.875, 0.637445867061615, 0.5625, 0.7009379267692566, 0.5625, 0.6879509091377258, 0.8125, 0.6976912021636963, 0.875, 0.6453824043273926, 0.9375, 0.710678219795227, 0.625, 0.7020202279090881, 0.625], "Recall": [0.5735930800437927, 0.625, 0.6428571343421936, 0.625, 0.6713564395904541, 0.875, 0.637445867061615, 0.5625, 0.7009379267692566, 0.5625, 0.6879509091377258, 0.8125, 0.6976912021636963, 0.875, 0.6453824043273926, 0.9375, 0.710678219795227, 0.625, 0.7020202279090881, 0.625], "loss": [1.2290738821029663, 0.843864917755127, 0.8811211585998535, 0.5995479226112366, 0.7818266153335571, 0.4864896535873413, 0.9303769469261169, 1.2531440258026123, 0.6747371554374695, 1.0088528394699097, 0.6852985620498657, 0.5697848200798035, 0.6893817186355591, 0.3537995517253876, 0.8792034387588501, 0.4786335229873657, 0.6737720370292664, 0.803470253944397, 0.6287160515785217, 1.3956916332244873], "val_AUC": [0.6321828961372375, 0.6318586468696594, 0.6760464310646057, 0.6965737342834473, 0.7294990420341492, 0.7254523038864136, 0.7113853693008423, 0.7088735699653625, 0.7333313226699829, 0.7274076342582703, 0.700955331325531, 0.7117319107055664, 0.7348840832710266, 0.7227956056594849, 0.6799294352531433, 0.6843120455741882, 0.5061445832252502, 0.5272846221923828, 0.7918533086776733, 0.7884857654571533], "val_Accuracy": [0.6075581312179565, 0.5901162624359131, 0.6468023061752319, 0.6758720874786377, 0.6918604373931885, 0.6787790656089783, 0.6831395626068115, 0.6860465407371521, 0.6831395626068115, 0.6933139562606812, 0.6715116500854492, 0.680232584476471, 0.6860465407371521, 0.6744186282157898, 0.645348846912384, 0.6613371968269348, 0.5130813717842102, 0.5188953280448914, 0.7267441749572754, 0.7252907156944275], "val_F1_score": [0.6189401149749756, 0.6026637554168701, 0.6465994119644165, 0.6686965227127075, 0.6911413073539734, 0.6796914935112, 0.5998108983039856, 0.6025850176811218, 0.6162707209587097, 0.6283887624740601, 0.6655570864677429, 0.6652177572250366, 0.6849357485771179, 0.677452564239502, 0.654727041721344, 0.6704769730567932, 0.5169833898544312, 0.5214563012123108, 0.6601191163063049, 0.6582163572311401], "val_Precision": [0.6075581312179565, 0.5901162624359131, 0.6468023061752319, 0.6758720874786377, 0.6918604373931885, 0.6787790656089783, 0.6831395626068115, 0.6860465407371521, 0.6831395626068115, 0.6933139562606812, 0.6715116500854492, 0.680232584476471, 0.6860465407371521, 0.6744186282157898, 0.645348846912384, 0.6613371968269348, 0.5130813717842102, 0.5188953280448914, 0.7267441749572754, 0.7252907156944275], "val_Recall": [0.6075581312179565, 0.5901162624359131, 0.6468023061752319, 0.6758720874786377, 0.6918604373931885, 0.6787790656089783, 0.6831395626068115, 0.6860465407371521, 0.6831395626068115, 0.6933139562606812, 0.6715116500854492, 0.680232584476471, 0.6860465407371521, 0.6744186282157898, 0.645348846912384, 0.6613371968269348, 0.5130813717842102, 0.5188953280448914, 0.7267441749572754, 0.7252907156944275], "val_loss": [1.8593441247940063, 1.8481013774871826, 0.938784122467041, 0.9346416592597961, 1.0129531621932983, 1.0266069173812866, 1.3341830968856812, 1.3183687925338745, 0.8804467916488647, 0.8994218707084656, 0.8069603443145752, 0.7978419065475464, 0.7847435474395752, 0.7966293692588806, 0.9708923697471619, 0.9412411451339722, 1.3172990083694458, 1.3099714517593384, 0.7246053218841553, 0.7460634112358093], "learning_rate": [0.0024999999441206455, 0.0024999999441206455, 0.0024999999441206455, 0.0024999999441206455, 0.0024999999441206455, 0.0024999999441206455, 0.0024999999441206455, 0.0024999999441206455, 0.0024999999441206455, 0.0024999999441206455, 0.0024999999441206455, 0.0024999999441206455, 0.0024999999441206455, 0.0024999999441206455, 0.0024999999441206455, 0.0024999999441206455, 0.0024999999441206455, 0.0024999999441206455, 0.0024999999441206455, 0.0024999999441206455]}