{"auc": [0.5589338541030884, 0.625, 0.5713098645210266, 0.6640625, 0.602125883102417, 0.31640625, 0.5957229733467102, 0.435546875, 0.6065131425857544, 0.73046875, 0.6112312078475952, 0.58984375, 0.6319702863693237, 0.765625, 0.6360828876495361, 0.56640625, 0.6505916714668274, 0.75, 0.6632975339889526, 0.8203125, 0.6652761101722717, 0.73046875, 0.721404492855072, 0.66796875, 0.7307199239730835, 0.734375, 0.743445873260498, 0.734375, 0.7635729312896729, 0.80859375, 0.7777289152145386, 0.662109375, 0.7784166932106018, 0.56640625, 0.7899968028068542, 0.85546875, 0.7980018258094788, 0.630859375, 0.823635458946228, 0.7265625, 0.8209209442138672, 0.92578125, 0.8510296940803528, 0.69921875, 0.8554145097732544, 0.78515625, 0.8529190421104431, 0.7109375, 0.8742708563804626, 0.91796875, 0.852443516254425, 0.921875, 0.8803502321243286, 0.96875, 0.8900143504142761, 0.9296875, 0.8897282481193542, 0.98828125, 0.8830339312553406, 0.96484375, 0.8840393424034119, 0.93359375, 0.8806516528129578, 0.953125, 0.8931605219841003, 0.99609375, 0.8906985521316528, 1.0, 0.8913901448249817, 0.8125, 0.9105925559997559, 0.7734375, 0.9081662893295288, 0.92578125, 0.903998076915741, 0.640625, 0.8975096344947815, 0.9453125, 0.8987548351287842, 0.890625, 0.9125658869743347, 0.93359375, 0.9123888611793518, 1.0], "binary_crossentropy": [2.2087905406951904, 0.7901191711425781, 0.7133870124816895, 0.6411685943603516, 0.6874149441719055, 0.7125139832496643, 0.6848955750465393, 0.696383535861969, 0.676313042640686, 0.6222126483917236, 0.6715995073318481, 0.7058730125427246, 0.6647526621818542, 0.622667670249939, 0.667331337928772, 0.7016007900238037, 0.6575247645378113, 0.6613520383834839, 0.6530886888504028, 0.5375350713729858, 0.649656355381012, 0.6109711527824402, 0.6192932724952698, 0.6849329471588135, 0.6082667708396912, 0.6386353373527527, 0.6004747152328491, 0.5812600255012512, 0.5801553726196289, 0.5466938614845276, 0.5659478902816772, 0.6775962114334106, 0.5669461488723755, 0.8237950205802917, 0.5571601390838623, 0.4993731677532196, 0.5452430844306946, 0.7095165252685547, 0.5167286396026611, 0.5814105272293091, 0.523913562297821, 0.3603682518005371, 0.4884836971759796, 0.6491132974624634, 0.47424131631851196, 0.5657082200050354, 0.4780183732509613, 0.65851891040802, 0.45146167278289795, 0.34133821725845337, 0.4807550013065338, 0.36085566878318787, 0.439095139503479, 0.3277539610862732, 0.4216744601726532, 0.3660181164741516, 0.42045432329177856, 0.2654678225517273, 0.43803030252456665, 0.2609478235244751, 0.42767345905303955, 0.3910525441169739, 0.4345921576023102, 0.2635621726512909, 0.41142508387565613, 0.23247644305229187, 0.4180019199848175, 0.09297503530979156, 0.4159103333950043, 0.6382459998130798, 0.38001924753189087, 0.6808959245681763, 0.3855343461036682, 0.36413735151290894, 0.39214468002319336, 0.8188445568084717, 0.4061574637889862, 0.3112029433250427, 0.4032961428165436, 0.3751067519187927, 0.38264015316963196, 0.33338800072669983, 0.37897372245788574, 0.23268939554691315], "loss": [2.2087905406951904, 0.7901191711425781, 0.7133870124816895, 0.6411685943603516, 0.6874149441719055, 0.7125139832496643, 0.6848955750465393, 0.696383535861969, 0.676313042640686, 0.6222126483917236, 0.6715995073318481, 0.7058730125427246, 0.6647526621818542, 0.622667670249939, 0.667331337928772, 0.7016007900238037, 0.6575247645378113, 0.6613520383834839, 0.6530886888504028, 0.5375350713729858, 0.649656355381012, 0.6109711527824402, 0.6192932724952698, 0.6849329471588135, 0.6082667708396912, 0.6386353373527527, 0.6004747152328491, 0.5812600255012512, 0.5801553726196289, 0.5466938614845276, 0.5659478902816772, 0.6775962114334106, 0.5669461488723755, 0.8237950205802917, 0.5571601390838623, 0.4993731677532196, 0.5452430844306946, 0.7095165252685547, 0.5167286396026611, 0.5814105272293091, 0.523913562297821, 0.3603682518005371, 0.4884836971759796, 0.6491132974624634, 0.47424131631851196, 0.5657082200050354, 0.4780183732509613, 0.65851891040802, 0.45146167278289795, 0.34133821725845337, 0.4807550013065338, 0.36085566878318787, 0.439095139503479, 0.3277539610862732, 0.4216744601726532, 0.3660181164741516, 0.42045432329177856, 0.2654678225517273, 0.43803030252456665, 0.2609478235244751, 0.42767345905303955, 0.3910525441169739, 0.4345921576023102, 0.2635621726512909, 0.41142508387565613, 0.23247644305229187, 0.4180019199848175, 0.09297503530979156, 0.4159103333950043, 0.6382459998130798, 0.38001924753189087, 0.6808959245681763, 0.3855343461036682, 0.36413735151290894, 0.39214468002319336, 0.8188445568084717, 0.4061574637889862, 0.3112029433250427, 0.4032961428165436, 0.3751067519187927, 0.38264015316963196, 0.33338800072669983, 0.37897372245788574, 0.23268939554691315], "val_auc": [0.678779125213623, 0.6715116500854492, 0.6882204413414001, 0.6932072639465332, 0.3990839421749115, 0.4299452304840088, 0.6947463750839233, 0.7137324810028076, 0.6992567777633667, 0.6981328725814819, 0.7091565132141113, 0.7169415950775146, 0.7361359000205994, 0.7289825677871704, 0.7514143586158752, 0.7335363030433655, 0.7338964939117432, 0.7370125651359558, 0.7618571519851685, 0.7727530002593994, 0.7197535037994385, 0.7299512028694153, 0.408706933259964, 0.4100157916545868, 0.5393751859664917, 0.5308855772018433, 0.7074368596076965, 0.6876479387283325, 0.681916356086731, 0.6804227232933044, 0.5038555264472961, 0.5070276856422424, 0.8011088371276855, 0.8011847734451294, 0.5435391664505005, 0.5675629377365112, 0.8292151093482971, 0.8282485008239746, 0.6237239837646484, 0.6109532117843628, 0.5630894303321838, 0.5688389539718628, 0.6803371906280518, 0.6877768039703369, 0.8422003388404846, 0.8471037745475769, 0.6558295488357544, 0.6498085856437683, 0.6056303977966309, 0.6109700798988342, 0.6879456639289856, 0.6860591769218445, 0.8203558325767517, 0.8221505284309387, 0.6620491743087769, 0.660578727722168, 0.6438065767288208, 0.6460207104682922, 0.67186439037323, 0.6757474541664124, 0.7271245121955872, 0.7316728830337524, 0.6734066605567932, 0.6785826683044434, 0.7633845806121826, 0.7629852890968323, 0.8000186085700989, 0.7980643510818481, 0.7667161822319031, 0.7720980644226074, 0.6658814549446106, 0.6702736020088196, 0.8229575157165527, 0.8283838033676147, 0.6493078470230103, 0.6474403738975525, 0.8111268281936646, 0.8053169846534729, 0.7584736347198486, 0.7640531063079834, 0.7832253575325012, 0.7821183204650879, 0.7657221555709839, 0.773705780506134],