{"AUC": [0.5158012509346008, 0.7890625, 0.5428641438484192, 0.66015625, 0.5850757360458374, 0.625, 0.632983922958374, 0.77734375, 0.7037556767463684, 0.54296875, 0.711112380027771, 0.6953125, 0.7673273682594299, 0.734375, 0.7645121216773987, 0.91015625, 0.7810360789299011, 0.76171875, 0.7990548014640808, 0.796875, 0.8085780143737793, 0.671875, 0.8302389979362488, 0.828125, 0.8374500274658203, 0.7578125, 0.8462051749229431, 0.7109375, 0.8648041486740112, 0.9375, 0.8577373027801514, 0.7890625, 0.8771435022354126, 0.90625, 0.8857329487800598, 0.875, 0.8922500014305115, 0.87109375, 0.8930910229682922, 0.7734375, 0.8901413679122925, 0.84765625, 0.9015834331512451, 0.90625, 0.8983014822006226, 0.75, 0.8950814008712769, 0.97265625, 0.891470730304718, 0.90625, 0.899105966091156, 1.0, 0.9038432836532593, 0.75, 0.8897501826286316, 0.88671875, 0.9024863839149475, 0.91796875, 0.8944865465164185, 0.828125, 0.8978498578071594], "Accuracy": [0.5101010203361511, 0.625, 0.527417004108429, 0.6875, 0.5595238208770752, 0.625, 0.591269850730896, 0.6875, 0.6507936716079712, 0.625, 0.6457431316375732, 0.625, 0.7005771994590759, 0.5625, 0.6904761791229248, 0.8125, 0.7077922224998474, 0.6875, 0.7196969985961914, 0.6875, 0.7265512347221375, 0.625, 0.7456709742546082, 0.6875, 0.7445887327194214, 0.625, 0.759379506111145, 0.625, 0.7878788113594055, 0.9375, 0.7781385183334351, 0.75, 0.8001443147659302, 0.75, 0.801948070526123, 0.75, 0.8131313323974609, 0.8125, 0.8088023066520691, 0.75, 0.8037518262863159, 0.75, 0.8185425400733948, 0.875, 0.8192640542984009, 0.75, 0.8149350881576538, 0.9375, 0.8134920597076416, 0.8125, 0.8210678100585938, 1.0, 0.8163780570030212, 0.625, 0.8152958154678345, 0.8125, 0.8178210854530334, 0.8125, 0.8120490908622742, 0.8125, 0.8203462958335876], "F1_score": [0.509902834892273, 0.6730768084526062, 0.5293084383010864, 0.6813725233078003, 0.5630710124969482, 0.6374999284744263, 0.5946207046508789, 0.6862744092941284, 0.6538718938827515, 0.6309522986412048, 0.6487770080566406, 0.6374999284744263, 0.7025604248046875, 0.6098484396934509, 0.6931754946708679, 0.8246752619743347, 0.7103003263473511, 0.6838235259056091, 0.7220656871795654, 0.6887254118919373, 0.7289386987686157, 0.645454466342926, 0.7478570938110352, 0.6862744092941284, 0.7466415166854858, 0.6369047164916992, 0.7611572742462158, 0.6249999403953552, 0.7893295288085938, 0.9367408156394958, 0.7793245315551758, 0.7460317015647888, 0.8012955188751221, 0.7539682388305664, 0.8030468225479126, 0.7499999403953552, 0.8141816854476929, 0.818840503692627, 0.8096110224723816, 0.7499998807907104, 0.8047200441360474, 0.7460317015647888, 0.8194587230682373, 0.8749999403953552, 0.8201686143875122, 0.7499998807907104, 0.8158817887306213, 0.9382590055465698, 0.814252495765686, 0.8102226257324219, 0.8217630386352539, 1.0, 0.8172322511672974, 0.6309522986412048, 0.81583571434021, 0.8147772550582886, 0.8185416460037231, 0.8084414601325989, 0.8129233121871948, 0.8147772550582886, 0.8210067749023438], "Precision": [0.5101010203361511, 0.625, 0.527417004108429, 0.6875, 0.5595238208770752, 0.625, 0.591269850730896, 0.6875, 0.6507936716079712, 0.625, 0.6457431316375732, 0.625, 0.7005771994590759, 0.5625, 0.6904761791229248, 0.8125, 0.7077922224998474, 0.6875, 0.7196969985961914, 0.6875, 0.7265512347221375, 0.625, 0.7456709742546082, 0.6875, 0.7445887327194214, 0.625, 0.759379506111145, 0.625, 0.7878788113594055, 0.9375, 0.7781385183334351, 0.75, 0.8001443147659302, 0.75, 0.801948070526123, 0.75, 0.8131313323974609, 0.8125, 0.8088023066520691, 0.75, 0.8037518262863159, 0.75, 0.8185425400733948, 0.875, 0.8192640542984009, 0.75, 0.8149350881576538, 0.9375, 0.8134920597076416, 0.8125, 0.8210678100585938, 1.0, 0.8163780570030212, 0.625, 0.8152958154678345, 0.8125, 0.8178210854530334, 0.8125, 0.8120490908622742, 0.8125, 0.8203462958335876], "Recall": [0.5101010203361511, 0.625, 0.527417004108429, 0.6875, 0.5595238208770752, 0.625, 0.591269850730896, 0.6875, 0.6507936716079712, 0.625, 0.6457431316375732, 0.625, 0.7005771994590759, 0.5625, 0.6904761791229248, 0.8125, 0.7077922224998474, 0.6875, 0.7196969985961914, 0.6875, 0.7265512347221375, 0.625, 0.7456709742546082, 0.6875, 0.7445887327194214, 0.625, 0.759379506111145, 0.625, 0.7878788113594055, 0.9375, 0.7781385183334351, 0.75, 0.8001443147659302, 0.75, 0.801948070526123, 0.75, 0.8131313323974609, 0.8125, 0.8088023066520691, 0.75, 0.8037518262863159, 0.75, 0.8185425400733948, 0.875, 0.8192640542984009, 0.75, 0.8149350881576538, 0.9375, 0.8134920597076416, 0.8125, 0.8210678100585938, 1.0, 0.8163780570030212, 0.625, 0.8152958154678345, 0.8125, 0.8178210854530334, 0.8125, 0.8120490908622742, 0.8125, 0.8203462958335876], "loss": [0.9003742337226868, 0.5555607676506042, 0.7030442357063293, 0.601056694984436, 0.68802809715271, 0.6590946316719055, 0.671653687953949, 0.6275987029075623, 0.6343638300895691, 0.7107916474342346, 0.6257321834564209, 0.6144799590110779, 0.5881251692771912, 0.5058308839797974, 0.5781455039978027, 0.4062642455101013, 0.5655842423439026, 0.5823007822036743, 0.5436913967132568, 0.5788959264755249, 0.5298314094543457, 0.6831421852111816, 0.5069764852523804, 0.5941357016563416, 0.4955363869667053, 0.6095587015151978, 0.48622336983680725, 0.6846321821212769, 0.4577333629131317, 0.4076211452484131, 0.47215959429740906, 0.6363518834114075, 0.4411334991455078, 0.33950597047805786, 0.42817243933677673, 0.4565217196941376, 0.41503003239631653, 0.3966500759124756, 0.41536709666252136, 0.5869767069816589, 0.42062947154045105, 0.5040767788887024, 0.40062788128852844, 0.42678302526474, 0.4082276225090027, 0.676709771156311, 0.4089190363883972, 0.23132357001304626, 0.4189591705799103, 0.4257349669933319, 0.4058815538883209, 0.27645525336265564, 0.39345186948776245, 0.5749247074127197, 0.41968095302581787, 0.38028213381767273, 0.4029366970062256, 0.37467658519744873, 0.4133521318435669, 0.5306803584098816, 0.4074419438838959], "val_AUC": [0.6825246810913086, 0.6748433113098145, 0.3954787850379944, 0.3935721516609192, 0.6182184815406799, 0.6420172452926636, 0.6489710211753845, 0.5863367915153503, 0.5540378093719482, 0.5502140522003174, 0.5701761841773987, 0.5973467826843262, 0.758632242679596, 0.7595977187156677, 0.7781898379325867, 0.7786440849304199, 0.6697877049446106, 0.6563767194747925, 0.6459974050521851, 0.6453456282615662, 0.8283131122589111, 0.8312643766403198, 0.789844274520874, 0.7892029881477356, 0.740333616733551, 0.7292878031730652, 0.7240262627601624, 0.7217499613761902, 0.8144372701644897, 0.8218377828598022, 0.7831735610961914, 0.7755236625671387, 0.7903152108192444, 0.7956201434135437, 0.8001474738121033, 0.8003227710723877, 0.8062444925308228, 0.8072172999382019, 0.8167833089828491, 0.8195540904998779, 0.8140168786048889, 0.8088927268981934, 0.8079007863998413, 0.8039407134056091, 0.8157503008842468, 0.8090342283248901, 0.8156118392944336, 0.8153530955314636, 0.8152189254760742, 0.8183995485305786, 0.8122052550315857, 0.8178797364234924, 0.8207899928092957, 0.8130282163619995, 0.8170675039291382, 0.822143018245697, 0.8142725229263306, 0.8214215636253357, 0.8186309337615967, 0.8165192604064941, 0.8109197616577148],