{"AUC": [0.9136857390403748, 0.91015625, 0.9117989540100098, 0.7265625, 0.9153459668159485, 0.99609375, 0.9129077792167664, 0.98046875, 0.9185634851455688, 0.921875, 0.9188568592071533, 0.83203125, 0.9149705171585083, 0.9296875, 0.9189481139183044, 0.98828125, 0.916591465473175, 0.94921875, 0.9217516183853149, 0.81640625, 0.9234813451766968, 0.9765625, 0.9148760437965393, 0.9296875, 0.9174588918685913, 0.68359375, 0.921370267868042, 0.96875, 0.9177337884902954, 0.90234375, 0.9109347462654114, 1.0, 0.9198753237724304, 0.94921875, 0.9216541051864624, 0.9296875, 0.9126607179641724, 0.9375, 0.9190198183059692, 0.875, 0.9194679260253906, 0.79296875, 0.9177778959274292, 0.98828125, 0.9160142540931702, 0.93359375, 0.9209793210029602, 0.78515625, 0.9227815270423889, 0.84765625, 0.9212609529495239, 1.0, 0.9141014218330383, 0.96484375, 0.9170234203338623, 0.97265625, 0.9203684329986572, 1.0, 0.9217460751533508, 0.8125, 0.9195777177810669, 0.93359375, 0.919028639793396, 0.96875, 0.92066890001297, 0.88671875, 0.9199991226196289, 0.859375, 0.9171339273452759, 0.9609375, 0.915553092956543], "Accuracy": [0.8376623392105103, 0.875, 0.8365800976753235, 0.625, 0.8354978561401367, 0.9375, 0.8373016119003296, 0.9375, 0.841269850730896, 0.875, 0.8401876091957092, 0.75, 0.8365800976753235, 0.9375, 0.8441558480262756, 0.9375, 0.8354978561401367, 0.8125, 0.8419913649559021, 0.75, 0.848124086856842, 0.875, 0.8380230665206909, 0.75, 0.8315295577049255, 0.6875, 0.8477633595466614, 0.9375, 0.8376623392105103, 0.8125, 0.829365074634552, 1.0, 0.8394660949707031, 0.8125, 0.8477633595466614, 0.875, 0.8243145942687988, 0.75, 0.8329725861549377, 0.75, 0.8409090638160706, 0.75, 0.8391053676605225, 0.9375, 0.8373016119003296, 0.8125, 0.8405483365058899, 0.6875, 0.850649356842041, 0.6875, 0.8430736064910889, 1.0, 0.8322510719299316, 0.8125, 0.8419913649559021, 0.9375, 0.8459596037864685, 1.0, 0.8470418453216553, 0.625, 0.8383838534355164, 0.8125, 0.8419913649559021, 0.875, 0.8434343338012695, 0.75, 0.8383838534355164, 0.625, 0.8333333134651184, 0.875, 0.8369408249855042], "F1_score": [0.8385158777236938, 0.8854166269302368, 0.8373092412948608, 0.6369047164916992, 0.8362586498260498, 0.9377450942993164, 0.8381003141403198, 0.9388527870178223, 0.8420563340187073, 0.8791666030883789, 0.8409836292266846, 0.7499999403953552, 0.8373473882675171, 0.9372549057006836, 0.8448051810264587, 0.9377450942993164, 0.8360879421234131, 0.8147772550582886, 0.8425971269607544, 0.7460317015647888, 0.8485805988311768, 0.8730158805847168, 0.8387588262557983, 0.7499999403953552, 0.8322371244430542, 0.7192028164863586, 0.8483443260192871, 0.9367408156394958, 0.8381962776184082, 0.8117645978927612, 0.8302308320999146, 1.0, 0.840246856212616, 0.8102226257324219, 0.8484164476394653, 0.8791666030883789, 0.8254722952842712, 0.7499999403953552, 0.8338947296142578, 0.7460317015647888, 0.8415932059288025, 0.7499999403953552, 0.8398991823196411, 0.9372549057006836, 0.8379719853401184, 0.8246752619743347, 0.8410459160804749, 0.7077921628952026, 0.8511195778846741, 0.6911764740943909, 0.8437232971191406, 1.0, 0.8330630660057068, 0.8147772550582886, 0.8425916433334351, 0.936147153377533, 0.8465973138809204, 1.0, 0.8475619554519653, 0.6249999403953552, 0.8388701677322388, 0.8246752619743347, 0.8425916433334351, 0.8769841194152832, 0.8441154956817627, 0.7460317015647888, 0.8390176296234131, 0.6124999523162842, 0.8340350389480591, 0.8749998807907104, 0.8376791477203369], "Precision": [0.8376623392105103, 0.875, 0.8365800976753235, 0.625, 0.8354978561401367, 0.9375, 0.8373016119003296, 0.9375, 0.841269850730896, 0.875, 0.8401876091957092, 0.75, 0.8365800976753235, 0.9375, 0.8441558480262756, 0.9375, 0.8354978561401367, 0.8125, 0.8419913649559021, 0.75, 0.848124086856842, 0.875, 0.8380230665206909, 0.75, 0.8315295577049255, 0.6875, 0.8477633595466614, 0.9375, 0.8376623392105103, 0.8125, 0.829365074634552, 1.0, 0.8394660949707031, 0.8125, 0.8477633595466614, 0.875, 0.8243145942687988, 0.75, 0.8329725861549377, 0.75, 0.8409090638160706, 0.75, 0.8391053676605225, 0.9375, 0.8373016119003296, 0.8125, 0.8405483365058899, 0.6875, 0.850649356842041, 0.6875, 0.8430736064910889, 1.0, 0.8322510719299316, 0.8125, 0.8419913649559021, 0.9375, 0.8459596037864685, 1.0, 0.8470418453216553, 0.625, 0.8383838534355164, 0.8125, 0.8419913649559021, 0.875, 0.8434343338012695, 0.75, 0.8383838534355164, 0.625, 0.8333333134651184, 0.875, 0.8369408249855042], "Recall": [0.8376623392105103, 0.875, 0.8365800976753235, 0.625, 0.8354978561401367, 0.9375, 0.8373016119003296, 0.9375, 0.841269850730896, 0.875, 0.8401876091957092, 0.75, 0.8365800976753235, 0.9375, 0.8441558480262756, 0.9375, 0.8354978561401367, 0.8125, 0.8419913649559021, 0.75, 0.848124086856842, 0.875, 0.8380230665206909, 0.75, 0.8315295577049255, 0.6875, 0.8477633595466614, 0.9375, 0.8376623392105103, 0.8125, 0.829365074634552, 1.0, 0.8394660949707031, 0.8125, 0.8477633595466614, 0.875, 0.8243145942687988, 0.75, 0.8329725861549377, 0.75, 0.8409090638160706, 0.75, 0.8391053676605225, 0.9375, 0.8373016119003296, 0.8125, 0.8405483365058899, 0.6875, 0.850649356842041, 0.6875, 0.8430736064910889, 1.0, 0.8322510719299316, 0.8125, 0.8419913649559021, 0.9375, 0.8459596037864685, 1.0, 0.8470418453216553, 0.625, 0.8383838534355164, 0.8125, 0.8419913649559021, 0.875, 0.8434343338012695, 0.75, 0.8383838534355164, 0.625, 0.8333333134651184, 0.875, 0.8369408249855042], "loss": [0.37234097719192505, 0.324659526348114, 0.38075482845306396, 0.8494910597801208, 0.36636945605278015, 0.17113107442855835, 0.37365150451660156, 0.21314027905464172, 0.36396145820617676, 0.3191838264465332, 0.36242616176605225, 0.533700168132782, 0.3720287084579468, 0.3175497353076935, 0.3637028932571411, 0.30474692583084106, 0.3694044351577759, 0.2637133002281189, 0.358408659696579, 0.5867619514465332, 0.3555797338485718, 0.23041340708732605, 0.36978453397750854, 0.4185362458229065, 0.3655395805835724, 0.5924439430236816, 0.3590238392353058, 0.30254387855529785, 0.3656991124153137, 0.32999157905578613, 0.3796369433403015, 0.1758945882320404, 0.3617183268070221, 0.3245584964752197, 0.3588598072528839, 0.2955649197101593, 0.37438908219337463, 0.3613091707229614, 0.3609413802623749, 0.44531765580177307, 0.3650512397289276, 0.658714771270752, 0.3630245625972748, 0.25366538763046265, 0.37170785665512085, 0.2905709743499756, 0.3612690567970276, 0.5092089176177979, 0.35896867513656616, 0.4108901023864746, 0.3593617081642151, 0.12571316957473755, 0.3699973225593567, 0.30225807428359985, 0.36672869324684143, 0.29333221912384033, 0.35902705788612366, 0.2117711305618286, 0.36120134592056274, 0.5519277453422546, 0.3645075857639313, 0.2867456376552582, 0.3645402789115906, 0.183557391166687, 0.36087873578071594, 0.5135539174079895, 0.36229807138442993, 0.45314666628837585, 0.3669757843017578, 0.29427045583724976, 0.37203747034072876],