{"AUC": [0.5722482204437256, 0.73828125, 0.7052772641181946, 0.822265625, 0.7743163108825684, 0.62890625, 0.7729572653770447, 0.953125, 0.8138003945350647, 0.71484375, 0.8204230666160583, 0.896484375, 0.8366055488586426, 0.78125, 0.8355607986450195, 0.87890625, 0.8438470959663391, 0.7890625, 0.8443175554275513, 0.51953125], "Accuracy": [0.5631313323974609, 0.5625, 0.6655844449996948, 0.75, 0.6998556852340698, 0.6875, 0.7085137367248535, 0.875, 0.7471140027046204, 0.8125, 0.7460317611694336, 0.8125, 0.7658730149269104, 0.625, 0.7622655034065247, 0.875, 0.7770562767982483, 0.8125, 0.7694805264472961, 0.4375], "F1_score": [0.5670965909957886, 0.4049999713897705, 0.6682391166687012, 0.7416666746139526, 0.7020456790924072, 0.6813725233078003, 0.7106932401657104, 0.8749999403953552, 0.7477802038192749, 0.8147772550582886, 0.7474666833877563, 0.8117645978927612, 0.7669880390167236, 0.6249999403953552, 0.7634326219558716, 0.8791666030883789, 0.7783346772193909, 0.8117645978927612, 0.770912230014801, 0.4989878237247467], "Precision": [0.5631313323974609, 0.5625, 0.6655844449996948, 0.75, 0.6998556852340698, 0.6875, 0.7085137367248535, 0.875, 0.7471140027046204, 0.8125, 0.7460317611694336, 0.8125, 0.7658730149269104, 0.625, 0.7622655034065247, 0.875, 0.7770562767982483, 0.8125, 0.7694805264472961, 0.4375], "Recall": [0.5631313323974609, 0.5625, 0.6655844449996948, 0.75, 0.6998556852340698, 0.6875, 0.7085137367248535, 0.875, 0.7471140027046204, 0.8125, 0.7460317611694336, 0.8125, 0.7658730149269104, 0.625, 0.7622655034065247, 0.875, 0.7770562767982483, 0.8125, 0.7694805264472961, 0.4375], "loss": [3.3379428386688232, 1.2780754566192627, 1.0835881233215332, 0.6844899654388428, 0.6272349953651428, 0.6942509412765503, 0.6281905770301819, 0.5207772254943848, 0.6123931407928467, 0.9268929958343506, 0.553816556930542, 0.41497603058815, 0.5261326432228088, 0.7266314029693604, 0.5265069007873535, 0.4424855709075928, 0.5239053964614868, 0.6601802110671997, 0.5185970067977905, 0.7813555002212524], "val_AUC": [0.3289679288864136, 0.3284883499145508, 0.645893931388855, 0.6803117394447327, 0.766170084476471, 0.7807419300079346, 0.7140462398529053, 0.7088989019393921, 0.7919979691505432, 0.8004854321479797, 0.6922914385795593, 0.6851539611816406, 0.7288082242012024, 0.7256572246551514, 0.8510205745697021, 0.8404775261878967, 0.4454149603843689, 0.45087504386901855, 0.7821943163871765, 0.7820781469345093], "val_Accuracy": [0.32994186878204346, 0.32848837971687317, 0.6191860437393188, 0.6497092843055725, 0.7209302186965942, 0.7398256063461304, 0.6845930218696594, 0.6816860437393188, 0.7325581312179565, 0.7354651093482971, 0.6497092843055725, 0.6395348906517029, 0.6845930218696594, 0.7049418687820435, 0.7863371968269348, 0.7790697813034058, 0.3997093141078949, 0.41860464215278625, 0.7165697813034058, 0.7194767594337463], "val_F1_score": [0.16552583873271942, 0.16244719922542572, 0.6241418719291687, 0.6478404998779297, 0.6859610676765442, 0.7114318609237671, 0.6245221495628357, 0.6180473566055298, 0.7396239042282104, 0.7423604726791382, 0.6555860042572021, 0.646061897277832, 0.6857811212539673, 0.7051076889038086, 0.7857171893119812, 0.7788146138191223, 0.34286195039749146, 0.3712749481201172, 0.6371383666992188, 0.6408599615097046], "val_Precision": [0.32994186878204346, 0.32848837971687317, 0.6191860437393188, 0.6497092843055725, 0.7209302186965942, 0.7398256063461304, 0.6845930218696594, 0.6816860437393188, 0.7325581312179565, 0.7354651093482971, 0.6497092843055725, 0.6395348906517029, 0.6845930218696594, 0.7049418687820435, 0.7863371968269348, 0.7790697813034058, 0.3997093141078949, 0.41860464215278625, 0.7165697813034058, 0.7194767594337463], "val_Recall": [0.32994186878204346, 0.32848837971687317, 0.6191860437393188, 0.6497092843055725, 0.7209302186965942, 0.7398256063461304, 0.6845930218696594, 0.6816860437393188, 0.7325581312179565, 0.7354651093482971, 0.6497092843055725, 0.6395348906517029, 0.6845930218696594, 0.7049418687820435, 0.7863371968269348, 0.7790697813034058, 0.3997093141078949, 0.41860464215278625, 0.7165697813034058, 0.7194767594337463], 
"val_loss": [38.97345733642578, 38.21491241455078, 3.988163471221924, 3.5729479789733887, 0.8593540787696838, 0.8087208867073059, 0.9054709076881409, 0.9485137462615967, 0.673538327217102, 0.6755696535110474, 0.8473033308982849, 0.8763088583946228, 0.7767372131347656, 0.791383683681488, 0.5150274038314819, 0.5358914136886597, 1.5264493227005005, 1.543654203414917, 0.8686127662658691, 0.8826743960380554], "learning_rate": [0.0024999999441206455, 0.0024999999441206455, 0.0024999999441206455, 0.0024999999441206455, 0.0024999999441206455, 0.0024999999441206455, 0.0024999999441206455, 0.0024999999441206455, 0.0024999999441206455, 0.0024999999441206455, 0.0024999999441206455, 0.0024999999441206455, 0.0024999999441206455, 0.0024999999441206455, 0.0024999999441206455, 0.0024999999441206455, 0.0024999999441206455, 0.0024999999441206455, 0.0024999999441206455, 0.0024999999441206455]}