{"AUC": [0.5412459373474121, 0.2265625, 0.6770308613777161, 0.76171875, 0.8036899566650391, 0.8828125, 0.8453620076179504, 0.732421875, 0.8472155928611755, 0.95703125, 0.868744969367981, 0.85546875, 0.8772739171981812, 0.98828125, 0.8919130563735962, 0.84765625, 0.8923445343971252, 0.84765625, 0.9012855887413025, 0.8984375, 0.8955138325691223, 0.93359375, 0.9077079892158508, 0.82421875, 0.9036146998405457, 0.9609375, 0.8969447612762451, 0.94140625, 0.9020218849182129, 0.96484375, 0.9072439670562744, 0.8515625, 0.8994916081428528, 0.91015625, 0.9049500823020935, 0.89453125, 0.9059500098228455, 0.89453125, 0.902920663356781, 0.94140625, 0.8984750509262085, 0.984375, 0.9111973643302917, 0.84765625, 0.9034081101417542, 0.90234375, 0.9060138463973999, 0.99609375, 0.9034987688064575, 0.76171875, 0.9068350195884705, 0.96875, 0.909578800201416, 0.8203125, 0.9025192856788635, 0.859375, 0.9007870554924011, 0.99609375, 0.9002589583396912, 0.98046875, 0.9060940146446228], "Accuracy": [0.5277777910232544, 0.1875, 0.6233766078948975, 0.6875, 0.7330447435379028, 0.875, 0.7781385183334351, 0.6875, 0.7694805264472961, 0.8125, 0.7947330474853516, 0.75, 0.7976190447807312, 0.9375, 0.8145743012428284, 0.8125, 0.8102453351020813, 0.6875, 0.8207070827484131, 0.875, 0.8178210854530334, 0.8125, 0.8300865888595581, 0.75, 0.8214285969734192, 0.875, 0.819985568523407, 0.8125, 0.8178210854530334, 0.8125, 0.826839804649353, 0.75, 0.819985568523407, 0.8125, 0.8239538073539734, 0.875, 0.8272005915641785, 0.75, 0.8239538073539734, 0.875, 0.8196248412132263, 0.9375, 0.8394660949707031, 0.8125, 0.829365074634552, 0.8125, 0.8261183500289917, 0.9375, 0.8232323527336121, 0.75, 0.8351370692253113, 0.875, 0.8326118588447571, 0.625, 0.8203462958335876, 0.6875, 0.8232323527336121, 0.9375, 0.8243145942687988, 0.9375, 0.8257575631141663], "F1_score": [0.5302267670631409, 0.15245094895362854, 0.6265464425086975, 0.6988866329193115, 0.7336045503616333, 0.8769841194152832, 0.7778298854827881, 0.6838235259056091, 0.7700850963592529, 0.7835713624954224, 0.7949947118759155, 0.7499999403953552, 0.7972173690795898, 0.9396134614944458, 0.8146004676818848, 0.8132352232933044, 0.8108373880386353, 0.7077921628952026, 0.8206943869590759, 0.8749999403953552, 0.8184047937393188, 0.8147772550582886, 0.8303465843200684, 0.7499999403953552, 0.8216802477836609, 0.8749998807907104, 0.8203283548355103, 0.8193318843841553, 0.8182836771011353, 0.8056679964065552, 0.8269369006156921, 0.7539682388305664, 0.8202633857727051, 0.8003246784210205, 0.8243409395217896, 0.8818181157112122, 0.8274461030960083, 0.7460317015647888, 0.8241925239562988, 0.8749999403953552, 0.8200873136520386, 0.9388527870178223, 0.8396923542022705, 0.8084414601325989, 0.8297154307365417, 0.8117645978927612, 0.8265056610107422, 0.9377450942993164, 0.8235858678817749, 0.7420634627342224, 0.8354136943817139, 0.8730158805847168, 0.8326818943023682, 0.5999999046325684, 0.820674479007721, 0.721320390701294, 0.8234021663665771, 0.9372549057006836, 0.824670672416687, 0.9388527870178223, 0.8259787559509277], "Precision": [0.5277777910232544, 0.1875, 0.6233766078948975, 0.6875, 0.7330447435379028, 0.875, 0.7781385183334351, 0.6875, 0.7694805264472961, 0.8125, 0.7947330474853516, 0.75, 0.7976190447807312, 0.9375, 0.8145743012428284, 0.8125, 0.8102453351020813, 0.6875, 0.8207070827484131, 0.875, 0.8178210854530334, 0.8125, 0.8300865888595581, 0.75, 0.8214285969734192, 0.875, 0.819985568523407, 0.8125, 0.8178210854530334, 0.8125, 0.826839804649353, 0.75, 0.819985568523407, 0.8125, 0.8239538073539734, 0.875, 0.8272005915641785, 0.75, 0.8239538073539734, 0.875, 0.8196248412132263, 0.9375, 0.8394660949707031, 0.8125, 0.829365074634552, 0.8125, 0.8261183500289917, 0.9375, 0.8232323527336121, 0.75, 0.8351370692253113, 0.875, 0.8326118588447571, 0.625, 0.8203462958335876, 0.6875, 0.8232323527336121, 0.9375, 0.8243145942687988, 0.9375, 0.8257575631141663], "Recall": [0.5277777910232544, 0.1875, 0.6233766078948975, 0.6875, 0.7330447435379028, 0.875, 0.7781385183334351, 0.6875, 0.7694805264472961, 0.8125, 0.7947330474853516, 0.75, 0.7976190447807312, 0.9375, 0.8145743012428284, 0.8125, 0.8102453351020813, 0.6875, 0.8207070827484131, 0.875, 0.8178210854530334, 0.8125, 0.8300865888595581, 0.75, 0.8214285969734192, 0.875, 0.819985568523407, 0.8125, 0.8178210854530334, 0.8125, 0.826839804649353, 0.75, 0.819985568523407, 0.8125, 0.8239538073539734, 0.875, 0.8272005915641785, 0.75, 0.8239538073539734, 0.875, 0.8196248412132263, 0.9375, 0.8394660949707031, 0.8125, 0.829365074634552, 0.8125, 0.8261183500289917, 0.9375, 0.8232323527336121, 0.75, 0.8351370692253113, 0.875, 0.8326118588447571, 0.625, 0.8203462958335876, 0.6875, 0.8232323527336121, 0.9375, 0.8243145942687988, 0.9375, 0.8257575631141663], "loss": [0.7520391941070557, 0.702649712562561, 0.6509305834770203, 0.4929020404815674, 0.5481650829315186, 0.3756643533706665, 0.4967213571071625, 0.662841796875, 0.4892137348651886, 0.39768967032432556, 0.4605686068534851, 0.457194447517395, 0.45251327753067017, 0.24054421484470367, 0.4232817590236664, 0.5636458992958069, 0.4151814877986908, 0.42982983589172363, 0.40815186500549316, 0.40506449341773987, 0.41354888677597046, 0.3656902313232422, 0.39521557092666626, 0.5269951820373535, 0.3987489640712738, 0.2988100051879883, 0.40829238295555115, 0.24334627389907837, 0.4015103876590729, 0.30549895763397217, 0.3955361843109131, 0.5609273314476013, 0.40598225593566895, 0.45996445417404175, 0.3956742286682129, 0.3839070200920105, 0.39477354288101196, 0.5424070358276367, 0.40310537815093994, 0.3493626117706299, 0.40734291076660156, 0.3019779622554779, 0.3864823281764984, 0.5093219876289368, 0.398700475692749, 0.41945475339889526, 0.3956255316734314, 0.16966059803962708, 0.3998718559741974, 0.635886549949646, 0.3933842182159424, 0.3133837580680847, 0.3896520137786865, 0.5905936360359192, 0.4005070626735687, 0.41173890233039856, 0.40618032217025757, 0.27471819519996643, 0.40663817524909973, 0.2253037989139557, 0.39654824137687683], "val_AUC": [0.35542014241218567, 0.3597109019756317, 0.45018842816352844, 0.45696786046028137, 0.7331538200378418, 0.8012850880622864, 0.8635706901550293, 0.8660455942153931, 0.7628860473632812, 0.7543984651565552, 0.3979864716529846, 0.36821213364601135, 0.8659684658050537, 0.8653727173805237, 0.8039481043815613, 0.7971559762954712, 0.8328741788864136, 0.822651207447052, 0.8413806557655334, 0.8475601077079773, 0.8397930860519409, 0.843756377696991, 0.8426947593688965, 0.8457770347595215, 0.8401257991790771, 0.8398300409317017, 0.8478253483772278, 0.8398374319076538, 0.8404331803321838, 0.8412454128265381, 0.8406803607940674, 0.8363029360771179, 0.8427464962005615, 0.8417071104049683, 0.8469040989875793, 0.8431151509284973, 0.8425120711326599, 0.843538761138916, 0.8387473225593567, 0.8438270688056946, 0.8425890803337097, 0.8405779004096985, 0.8380110263824463, 0.841083824634552, 0.841590940952301, 0.8376021981239319, 0.8432071208953857, 0.8435693383216858, 0.8444492816925049, 0.8412359952926636, 0.8449636101722717, 0.8400740623474121, 0.84266197681427, 0.8423018455505371, 0.8419859409332275, 0.841362714767456, 0.8491963744163513, 0.8469728231430054, 0.8451464176177979, 0.8430929780006409, 0.836370587348938],