{
    "AUC": [0.5136905908584595, 0.67578125, 0.6285508275032043, 0.7265625, 0.7011290192604065, 0.828125, 0.7432534098625183, 0.77734375, 0.7810512781143188, 0.82421875, 0.8220599889755249, 0.9765625, 0.8746453523635864, 0.8515625, 0.8825507760047913, 0.8203125, 0.8823180794715881, 0.953125, 0.8860182166099548, 0.828125, 0.8898481726646423, 0.85546875, 0.9005650877952576, 0.91015625, 0.8996579051017761, 0.921875, 0.903542160987854, 0.8515625, 0.9028618931770325, 0.921875, 0.8973303437232971, 0.908203125, 0.9030147790908813, 0.83203125, 0.9021713733673096, 0.890625, 0.9107463359832764, 0.890625, 0.9166381359100342, 0.99609375, 0.9128994345664978, 0.93359375, 0.9120882749557495, 0.88671875, 0.9145275950431824, 0.68359375, 0.9120001196861267, 0.9296875, 0.9172025918960571, 0.94921875, 0.919055700302124, 0.96875, 0.9189331531524658, 0.95703125, 0.9156060218811035, 0.90234375, 0.9138312339782715, 0.81640625, 0.9206821322441101, 0.9296875, 0.9229428768157959], 
    "Accuracy": [0.5129870176315308, 0.625, 0.5854978561401367, 0.5, 0.6507936716079712, 0.625, 0.6829004287719727, 0.6875, 0.7164502143859863, 0.8125, 0.7463924884796143, 0.875, 0.7904040217399597, 0.8125, 0.8033910393714905, 0.625, 0.7990620732307434, 0.875, 0.8069985508918762, 0.625, 0.8131313323974609, 0.75, 0.8214285969734192, 0.8125, 0.817460298538208, 0.8125, 0.8253968358039856, 0.8125, 0.8228715658187866, 0.8125, 0.8124098181724548, 0.8125, 0.8286435604095459, 0.75, 0.8203462958335876, 0.75, 0.826839804649353, 0.875, 0.838744580745697, 0.9375, 0.8315295577049255, 0.8125, 0.8297258019447327, 0.8125, 0.8282828330993652, 0.75, 0.8329725861549377, 0.875, 0.8401876091957092, 0.875, 0.8358585834503174, 0.875, 0.8394660949707031, 0.9375, 0.8315295577049255, 0.8125, 0.8351370692253113, 0.6875, 0.8430736064910889, 0.75, 0.8452380895614624], 
    "F1_score": [0.5170990228652954, 0.5636363625526428, 0.5885777473449707, 0.4166666269302368, 0.6538422107696533, 0.645454466342926, 0.6855655908584595, 0.6837044358253479, 0.7186543941497803, 0.8315216898918152, 0.7478145360946655, 0.8749999403953552, 0.7910786867141724, 0.8132352232933044, 0.8040045499801636, 0.6249999403953552, 0.7999422550201416, 0.8749999403953552, 0.8079932928085327, 0.6499999761581421, 0.8136961460113525, 0.7583332657814026, 0.82210373878479, 0.8117645978927612, 0.8180428743362427, 0.8132352232933044, 0.826215922832489, 0.8147772550582886, 0.8234864473342896, 0.8102940320968628, 0.8133730888366699, 0.8193318843841553, 0.8294204473495483, 0.7583332657814026, 0.8213015794754028, 0.7916666269302368, 0.8278471231460571, 0.8749999403953552, 0.8395100235939026, 0.9382590055465698, 0.8323094844818115, 0.8193318843841553, 0.8305298089981079, 0.8132352232933044, 0.828981876373291, 0.7636362314224243, 0.8337568044662476, 0.8730158805847168, 0.840922474861145, 0.8730158805847168, 0.8365674018859863, 0.8818181157112122, 0.8403567671775818, 0.9377450942993164, 0.8323245048522949, 0.8132352232933044, 0.8358328342437744, 0.6980676054954529, 0.8437918424606323, 0.7499998807907104, 0.8460006713867188], 
    "Precision": [0.5129870176315308, 0.625, 0.5854978561401367, 0.5, 0.6507936716079712, 0.625, 0.6829004287719727, 0.6875, 0.7164502143859863, 0.8125, 0.7463924884796143, 0.875, 0.7904040217399597, 0.8125, 0.8033910393714905, 0.625, 0.7990620732307434, 0.875, 0.8069985508918762, 0.625, 0.8131313323974609, 0.75, 0.8214285969734192, 0.8125, 0.817460298538208, 0.8125, 0.8253968358039856, 0.8125, 0.8228715658187866, 0.8125, 0.8124098181724548, 0.8125, 0.8286435604095459, 0.75, 0.8203462958335876, 0.75, 0.826839804649353, 0.875, 0.838744580745697, 0.9375, 0.8315295577049255, 0.8125, 0.8297258019447327, 0.8125, 0.8282828330993652, 0.75, 0.8329725861549377, 0.875, 0.8401876091957092, 0.875, 0.8358585834503174, 0.875, 0.8394660949707031, 0.9375, 0.8315295577049255, 0.8125, 0.8351370692253113, 0.6875, 0.8430736064910889, 0.75, 0.8452380895614624], 
    "Recall": [0.5129870176315308, 0.625, 0.5854978561401367, 0.5, 0.6507936716079712, 0.625, 0.6829004287719727, 0.6875, 0.7164502143859863, 0.8125, 0.7463924884796143, 0.875, 0.7904040217399597, 0.8125, 0.8033910393714905, 0.625, 0.7990620732307434, 0.875, 0.8069985508918762, 0.625, 0.8131313323974609, 0.75, 0.8214285969734192, 0.8125, 0.817460298538208, 0.8125, 0.8253968358039856, 0.8125, 0.8228715658187866, 0.8125, 0.8124098181724548, 0.8125, 0.8286435604095459, 0.75, 0.8203462958335876, 0.75, 0.826839804649353, 0.875, 0.838744580745697, 0.9375, 0.8315295577049255, 0.8125, 0.8297258019447327, 0.8125, 0.8282828330993652, 0.75, 0.8329725861549377, 0.875, 0.8401876091957092, 0.875, 0.8358585834503174, 0.875, 0.8394660949707031, 0.9375, 0.8315295577049255, 0.8125, 0.8351370692253113, 0.6875, 0.8430736064910889, 0.75, 0.8452380895614624], 
    "loss": [0.9026723504066467, 0.7164999842643738, 0.678683876991272, 0.6338441371917725, 0.6327617764472961, 0.47179973125457764, 0.6018683910369873, 0.5919501781463623, 0.5684874057769775, 0.4567233920097351, 0.5207709670066833, 0.3415939211845398, 0.4497966766357422, 0.44132286310195923, 0.43541237711906433, 0.5302200317382812, 0.43249639868736267, 0.31536865234375, 0.425363153219223, 0.469122976064682, 0.42240622639656067, 0.5442227125167847, 0.3991606831550598, 0.39686962962150574, 0.40490493178367615, 0.4734998643398285, 0.3946180045604706, 0.5500905513763428, 0.39645618200302124, 0.4428931772708893, 0.40444329380989075, 0.33567047119140625, 0.39531150460243225, 0.44809120893478394, 0.39500734210014343, 0.347355455160141, 0.37810927629470825, 0.4620354175567627, 0.37063339352607727, 0.18424013257026672, 0.3750421106815338, 0.31501305103302, 0.3759150803089142, 0.43327954411506653, 0.37268462777137756, 0.7443627119064331, 0.3767419755458832, 0.4146706759929657, 0.3692459762096405, 0.32916679978370667, 0.36337926983833313, 0.24504195153713226, 0.363322913646698, 0.39117497205734253, 0.36890533566474915, 0.4620558023452759, 0.37258175015449524, 0.4579734206199646, 0.36024612188339233, 0.34327951073646545, 0.35510072112083435], 
    
    "val_AUC": [0.6822057366371155, 0.6929611563682556, 0.3147795498371124, 0.3122253715991974, 0.6358811259269714, 0.6749098300933838, 0.5634094476699829, 0.5719476342201233, 0.6311191916465759, 0.6276175379753113, 0.5276099443435669, 0.5553107261657715, 0.823723316192627, 0.8164791464805603, 0.8285749554634094, 0.8222423791885376, 0.830120325088501, 0.829111635684967, 0.8207412958145142, 0.8279750347137451, 0.8290925621986389, 0.8267739415168762, 0.8396282196044922, 0.8429461121559143, 0.8261994123458862, 0.8199259638786316, 0.847877025604248, 0.8376994729042053, 0.8158981204032898, 0.8081395626068115, 0.8495301604270935, 0.8386734127998352, 0.8380880951881409, 0.8471587300300598, 0.8388370871543884, 0.8443741798400879, 0.8423683643341064, 0.8478780388832092, 0.8586629629135132, 0.8497899770736694, 0.8503730893135071, 0.8406665325164795, 0.8427296876907349, 0.8440764546394348, 0.8445971608161926, 0.8437553644180298, 0.8388835787773132, 0.8262361884117126, 0.8420841693878174, 0.8445042967796326, 0.8439369201660156, 0.8497150540351868, 0.8476668000221252, 0.8472452759742737, 0.8443626165390015, 0.8502516746520996, 0.8440405130386353, 0.8485698699951172, 0.846896767616272, 0.8388497233390808, 0.8504565954208374],